<application>
  <component name="PropertiesComponent">
    <property name="ColorChooser.RecentColors" value="177-244-180-255,,,202-238-206-255,,,0-0-0-255,,,58-7-7-255,,,204-71-44-255" />
    <property name="CommitChangeListDialog.DETAILS_SPLITTER_PROPORTION_2" value="0.62134504" />
    <property name="Copy.OpenInEditor" value="true" />
    <property name="Darcula.SavedEditorTheme" value="_@user_Glance (rainglow)" />
    <property name="Default.SavedEditorTheme" value="_@user_Default" />
    <property name="InstalledPluginsSearchHistory" value="theme&#10;the" />
    <property name="KEYMAP" value="redo&#10;undo&#10;close&#10;select&#10;paste" />
    <property name="PyCharm.InitialConfiguration" value="true" />
    <property name="PyCharm.InitialConfiguration.V2" value="true" />
    <property name="PyCharm.InitialConfiguration.V3" value="true" />
    <property name="PyCharm.InitialConfiguration.V4" value="true" />
    <property name="PyCharm.InitialConfiguration.V5" value="true" />
    <property name="PyCharm.InitialConfiguration.V6" value="true" />
    <property name="PyCharm.InitialConfiguration.V7" value="true" />
    <property name="PyCharm.initialConfigurationShown" value="true" />
    <property name="SettingsSearchHistory" value="git&#10;color&#10;theme&#10;font&#10;general" />
    <property name="TrendingPluginsSearchHistory" value="theme" />
    <property name="export.settings.path" value="$APPLICATION_CONFIG_DIR$/pycharm_20190208.zip" />
    <property name="file.gist.reindex.count" value="35549" />
    <property name="fileTypeChangedCounter" value="15" />
    <property name="lastTip" value="14" />
    <property name="mt.showStatisticsAgreement" value="true" />
    <property name="org.intellij.images.editor.actions.BackgroundImageDialog#recent" value="" />
    <property name="selected.color.option.type" value="TOOLTIP" />
    <property name="ts.lib.d.ts.version" value="3.2.1" />
  </component>
  <component name="PyTestFrameworkService">
    <option name="SDK_TO_PYTEST">
      <map>
        <entry key="/usr/local/bin/python3.7" value="false" />
      </map>
    </option>
    <option name="SDK_TO_NOSETEST">
      <map>
        <entry key="/usr/local/bin/python3.7" value="false" />
      </map>
    </option>
    <option name="SDK_TO_TRIALTEST">
      <map>
        <entry key="/usr/local/bin/python3.7" value="false" />
      </map>
    </option>
  </component>
</application>